"","race","age","engnat","gender","hand","source","country","E1","E2","E3","E4","E5","E6","E7","E8","E9","E10","N1","N2","N3","N4","N5","N6","N7","N8","N9","N10","A1","A2","A3","A4","A5","A6","A7","A8","A9","A10","C1","C2","C3","C4","C5","C6","C7","C8","C9","C10","O1","O2","O3","O4","O5","O6","O7","O8","O9","O10"
"1",3,17,2,2,1,1,"IT",1,5,2,5,1,4,1,4,1,5,5,3,5,3,2,5,3,3,4,3,2,4,2,4,1,5,1,4,3,3,3,4,3,4,1,5,3,3,3,3,5,3,5,3,4,1,3,5,4,5
"2",3,37,2,2,1,1,"IT",1,1,1,1,1,1,1,1,1,1,1,1,1,1,1,1,1,1,1,1,1,1,1,1,1,1,1,1,1,1,1,1,1,1,1,1,1,1,1,1,1,1,1,1,1,1,1,1,1,1
"3",3,20,2,1,1,1,"IT",1,4,3,3,4,3,2,3,3,3,2,3,4,3,2,3,2,2,2,1,4,2,3,2,2,2,3,2,2,3,4,1,4,2,3,3,4,2,4,4,4,1,3,2,4,3,4,3,4,3
"4",13,36,2,2,2,2,"IT",2,3,4,2,3,2,3,2,4,4,3,4,4,4,2,2,2,2,2,2,1,5,2,4,2,4,2,3,4,3,4,2,4,2,2,2,4,4,3,4,3,2,4,4,4,2,3,4,4,4
"5",1,22,2,1,1,3,"IT",3,2,3,2,4,1,4,2,5,2,2,2,3,2,3,2,2,2,2,2,3,3,2,3,2,4,2,3,4,4,3,3,3,3,3,1,2,2,3,3,4,1,4,1,4,1,4,4,3,5
"6",3,19,2,2,1,1,"IT",1,5,1,5,3,3,2,5,5,3,4,2,4,4,3,3,4,4,3,4,4,4,3,3,2,5,1,3,3,2,1,2,2,3,4,2,3,2,1,3,3,4,2,2,2,3,3,3,4,2
"7",3,19,2,2,1,5,"IT",2,1,4,2,4,1,3,4,2,2,4,1,2,4,2,4,4,4,3,2,4,5,1,4,2,4,1,2,4,5,4,3,5,2,4,2,4,1,5,5,4,1,5,1,4,1,4,3,5,4
"8",3,17,2,2,1,1,"IT",1,4,2,5,2,5,2,5,5,5,5,1,5,2,5,4,5,4,4,4,5,4,1,1,1,3,1,4,1,3,2,1,5,2,3,1,5,3,4,3,2,3,3,1,3,3,4,2,5,2
"9",3,36,1,2,2,5,"IT",3,2,2,4,4,3,4,5,4,5,3,3,4,2,2,4,5,3,4,2,2,4,2,4,2,4,3,4,4,4,4,1,2,3,4,2,2,3,3,1,5,1,4,1,4,2,5,4,5,4
"10",9,18,1,1,1,1,"IT",4,1,3,4,4,2,4,5,5,5,4,3,5,2,5,4,1,1,5,2,4,4,5,4,1,1,4,4,4,5,3,4,5,1,1,5,5,3,5,4,4,1,5,1,4,2,4,2,5,2
"11",13,28,2,2,1,1,"IT",4,1,4,3,4,2,5,4,5,5,4,2,4,2,2,2,4,4,2,4,4,3,1,2,3,4,3,5,4,3,2,1,4,1,4,2,4,1,4,5,4,1,5,1,3,1,4,1,3,3
"12",3,31,2,2,1,1,"IT",1,4,1,5,1,4,1,3,5,5,3,2,5,2,3,4,4,4,4,4,5,4,1,5,3,4,4,2,5,3,4,4,5,5,1,5,1,3,4,4,5,1,5,1,5,1,5,5,5,5
"13",3,25,2,1,1,1,"IT",4,3,3,3,3,1,3,3,3,3,2,3,4,2,2,2,3,3,2,2,2,3,1,3,2,3,2,3,4,3,4,1,4,1,3,1,4,3,3,3,5,1,5,1,4,1,5,4,3,5
"14",3,33,2,2,1,1,"IT",1,4,1,5,4,2,1,5,1,5,5,2,4,3,4,4,4,4,4,4,1,3,2,5,3,3,4,3,4,4,2,2,3,3,4,2,4,2,2,4,5,1,4,2,4,2,5,3,4,4
"15",3,29,2,2,1,1,"IT",2,4,3,4,1,4,1,4,3,4,4,1,4,2,3,3,4,4,3,3,4,5,1,3,5,4,4,3,5,3,5,3,5,3,4,1,5,1,4,4,5,2,5,1,4,1,5,4,5,5
"16",3,39,2,2,1,1,"IT",4,2,4,3,5,1,3,2,3,4,3,4,4,3,3,1,3,3,3,2,3,4,3,4,3,4,2,3,4,5,4,2,3,4,3,2,2,3,3,4,5,1,5,1,4,1,4,4,4,5
"17",3,22,2,2,1,2,"IT",3,3,3,3,3,2,3,2,4,4,2,2,5,4,3,4,2,1,5,4,4,4,3,1,4,1,4,1,1,3,3,2,5,1,2,3,2,2,4,3,5,1,4,2,3,1,5,4,5,4
"18",3,42,2,0,1,1,"IT",4,2,4,2,4,2,4,3,2,3,3,4,3,2,3,3,4,3,3,3,1,4,1,4,2,4,1,4,4,5,3,2,3,2,3,2,4,3,3,4,5,1,4,1,4,2,4,3,3,4
"19",3,31,2,1,1,1,"IT",3,2,3,3,3,2,3,2,5,4,3,2,4,3,3,2,3,2,3,3,2,4,1,4,1,5,1,3,4,5,3,2,4,2,3,2,4,3,3,3,5,2,4,1,4,1,3,5,4,4
"20",3,41,2,1,1,1,"IT",3,5,3,4,2,4,3,1,4,5,3,3,3,1,3,4,3,3,4,1,4,3,2,3,3,3,4,3,4,5,4,3,5,5,4,3,2,1,3,5,5,1,5,1,4,1,5,4,5,5
"21",3,30,1,1,1,1,"IT",1,3,3,4,4,3,1,4,4,5,4,3,3,4,1,2,3,2,3,2,1,5,1,4,1,4,1,3,4,4,3,1,4,4,2,2,5,2,3,4,4,3,5,2,4,2,4,3,5,4
"22",3,44,2,1,1,1,"IT",3,3,2,2,3,1,3,3,2,2,4,2,2,1,5,2,1,1,5,1,2,3,5,5,3,2,4,3,4,5,5,3,5,1,3,1,5,3,3,4,5,3,5,4,5,2,5,4,5,5
"23",3,18,2,1,1,1,"IT",2,3,2,4,3,2,4,2,4,1,3,3,4,3,4,3,3,2,2,3,3,5,2,2,3,4,3,4,3,2,2,2,3,3,3,3,4,3,3,4,4,1,4,2,4,2,4,3,4,4
"24",3,23,2,1,1,1,"IT",4,3,3,3,1,1,2,2,2,4,3,4,4,4,5,2,3,3,5,2,4,2,2,3,2,4,4,2,3,3,4,3,4,2,3,4,4,3,2,4,4,1,5,1,5,1,5,4,5,5
"25",3,46,2,1,1,1,"IT",4,5,5,1,5,1,5,1,5,5,1,3,5,1,1,1,1,1,1,1,5,5,1,5,1,5,1,5,5,5,3,5,5,1,1,5,5,1,1,2,5,1,4,1,3,1,5,5,5,5
"26",3,34,2,1,1,2,"IT",2,2,2,5,3,3,3,4,4,3,4,3,4,3,1,4,3,3,3,3,2,4,1,5,1,2,1,4,4,5,2,4,4,4,3,3,3,2,3,4,5,2,4,2,4,3,4,4,5,4
"27",3,23,2,2,1,5,"IT",2,4,3,4,2,4,2,3,5,4,3,1,4,4,4,4,4,4,4,3,4,5,1,4,2,4,1,4,4,4,4,4,4,4,3,4,3,3,2,4,4,2,4,1,2,1,4,4,5,4
"28",3,30,2,2,1,1,"IT",2,3,3,3,3,3,2,3,3,3,5,1,4,5,4,3,5,5,2,5,4,5,2,5,2,4,2,4,5,3,2,4,3,5,3,2,3,3,3,2,5,1,5,1,3,1,4,4,5,5
"29",3,17,2,1,1,5,"IT",1,3,3,4,4,4,2,5,2,4,2,5,4,3,2,2,4,1,1,2,5,4,4,2,5,1,4,5,1,2,3,2,5,2,2,4,4,3,4,3,3,4,1,5,2,4,5,4,5,3
"30",3,22,2,2,1,1,"IT",1,5,2,5,3,3,2,5,1,5,5,1,5,3,4,5,5,5,5,4,2,3,3,4,4,3,3,3,5,3,3,4,5,4,4,4,4,1,3,4,4,3,5,3,5,1,4,3,4,5
"31",3,26,2,2,3,1,"IT",3,2,5,2,3,2,4,3,4,2,1,5,3,2,2,2,1,1,1,2,1,3,1,4,2,3,2,4,4,5,4,5,5,4,1,4,2,4,2,4,4,2,5,3,4,1,5,4,3,3
"32",3,25,2,1,1,1,"IT",3,2,3,2,5,1,1,5,3,3,2,1,4,3,4,3,3,3,4,3,5,4,4,3,1,5,4,5,5,4,4,1,3,3,3,3,2,3,3,2,5,1,5,1,4,1,3,5,5,4
"33",3,22,2,2,2,1,"IT",1,3,3,4,2,1,1,5,2,5,5,1,5,2,5,4,4,3,4,3,3,3,1,3,3,1,3,3,1,3,5,1,5,1,5,1,5,1,5,5,5,2,5,1,4,1,5,5,4,5
"34",3,22,2,2,1,1,"IT",3,3,3,4,2,3,3,4,2,4,3,3,4,3,3,2,3,3,3,2,2,4,2,4,2,4,2,4,3,3,1,5,4,4,2,4,2,4,2,3,3,2,4,2,3,2,4,3,4,3
"35",3,31,1,2,1,1,"IT",4,3,4,2,4,2,5,4,2,2,4,4,5,1,3,4,1,1,2,2,1,5,1,5,2,5,1,5,5,5,5,4,3,1,2,2,4,1,5,2,5,1,4,1,2,2,4,5,4,3
"36",3,20,2,2,1,1,"IT",2,1,3,4,2,2,1,4,1,4,2,4,3,1,2,5,5,5,5,5,4,3,5,4,3,4,3,3,2,3,2,5,4,5,2,1,1,4,1,1,3,1,5,1,3,1,3,3,4,4
"37",3,23,2,2,1,1,"IT",1,3,2,3,3,1,3,4,2,4,5,2,5,5,4,4,3,3,2,5,5,3,1,5,1,5,2,4,5,5,3,2,5,3,5,2,5,3,3,2,5,1,5,1,3,1,5,4,5,3
"38",3,48,2,1,1,2,"IT",4,1,5,3,5,1,5,2,4,3,3,3,4,2,2,1,1,1,1,1,2,5,1,3,1,4,1,4,4,5,3,3,4,2,3,3,4,3,3,4,5,2,4,4,3,2,5,5,3,4
"39",3,34,1,2,2,2,"IT",1,5,2,5,1,1,1,5,2,5,2,5,3,1,2,1,2,1,3,2,1,5,1,5,2,5,1,4,5,1,3,5,4,5,1,2,4,5,2,5,5,2,3,1,2,2,4,5,3,3
"40",3,43,1,2,1,1,"IT",3,2,2,2,4,2,4,3,4,4,3,4,3,3,2,1,2,2,1,2,1,3,1,4,2,2,2,3,5,3,5,5,5,1,2,4,3,1,4,4,4,1,5,1,5,1,5,4,5,5
"41",3,19,2,2,2,2,"IT",5,1,5,3,5,1,5,2,2,3,4,3,5,2,4,3,4,4,2,2,5,5,1,5,1,5,1,5,5,5,4,2,5,2,2,2,4,2,5,5,4,4,4,4,4,2,5,3,4,4
"42",3,20,2,2,1,1,"IT",5,2,3,3,3,4,2,3,3,3,3,2,4,3,3,4,5,5,4,3,4,4,3,4,2,3,3,3,4,4,2,4,4,3,3,2,3,4,2,1,3,3,5,3,4,1,2,2,3,5
"43",3,22,2,2,1,3,"IT",4,3,2,2,3,1,1,1,5,5,5,2,4,4,4,4,5,5,4,2,3,5,2,4,4,3,2,2,5,2,4,2,5,3,2,2,4,1,4,3,5,1,5,1,5,1,5,4,5,5
"44",3,21,2,1,1,3,"IT",2,2,3,3,5,2,3,4,4,4,1,5,2,5,1,1,5,4,1,4,2,3,1,2,4,2,4,3,2,4,3,2,4,2,2,2,5,2,1,2,5,2,4,1,5,2,4,4,5,4
"45",3,28,2,2,1,1,"IT",1,3,2,5,2,2,1,5,1,1,5,1,5,2,5,5,4,4,5,4,2,4,1,5,1,5,1,4,5,5,1,5,5,4,1,4,3,2,1,5,3,1,3,1,3,2,3,3,5,3
"46",11,23,2,2,1,3,"IT",3,2,3,4,3,4,2,3,3,2,4,3,4,1,4,4,4,4,4,3,2,4,1,4,2,4,2,3,4,4,4,1,4,2,4,1,4,1,4,4,4,2,4,1,4,1,2,3,2,4
"47",3,18,1,1,1,2,"IT",2,5,3,5,2,4,1,4,2,5,2,5,2,4,2,2,2,2,2,2,2,4,3,4,2,4,2,4,2,2,4,4,3,2,4,4,3,2,4,4,4,2,4,2,5,1,4,3,5,5
"48",3,30,2,1,1,2,"IT",1,5,2,5,1,5,1,5,5,5,4,3,4,1,3,4,4,5,3,5,3,3,1,4,3,5,3,1,3,1,2,1,4,1,4,2,3,1,4,3,4,2,4,2,3,2,2,3,5,3
"49",3,16,2,2,1,1,"IT",3,5,2,4,2,5,1,5,2,5,4,2,5,4,4,4,4,2,3,4,2,4,1,5,1,4,1,5,5,4,3,2,5,4,2,2,4,3,4,3,5,4,2,4,2,4,4,5,4,2
"50",3,20,2,2,1,2,"IT",3,1,4,1,4,1,4,2,3,2,2,3,3,3,2,1,4,2,2,3,2,5,1,3,1,3,1,3,3,4,3,2,2,2,3,2,3,2,4,3,3,1,2,2,3,3,3,3,4,3
"51",3,59,1,1,1,1,"IT",5,1,5,1,5,1,5,1,5,5,2,3,5,3,3,1,3,1,3,3,1,5,1,5,1,3,1,2,5,5,3,5,5,3,2,1,3,3,3,3,5,1,5,1,4,1,5,5,5,5
"52",13,18,2,1,3,1,"IT",3,2,4,4,2,5,1,2,4,4,3,5,4,4,4,5,1,5,4,5,3,4,1,5,2,5,1,5,5,3,2,4,3,4,3,5,1,5,2,3,4,1,4,1,4,1,2,2,2,5
"53",3,18,2,2,1,1,"IT",3,2,4,3,2,1,2,2,4,5,4,4,3,1,1,4,2,2,4,1,4,4,1,4,1,2,2,3,4,4,3,3,4,2,1,4,3,3,3,3,4,2,4,1,4,2,4,4,5,4
"54",3,46,2,1,1,5,"IT",2,1,3,2,4,4,5,3,2,4,3,2,3,2,3,2,5,2,2,3,4,4,1,4,1,3,1,4,3,2,2,1,4,4,2,1,5,3,4,4,5,3,4,2,2,2,3,4,3,2
"55",3,37,2,2,1,2,"IT",3,3,3,4,4,3,5,5,2,2,2,4,2,2,2,2,1,1,1,1,1,3,1,4,1,3,3,5,5,4,4,3,5,2,3,2,5,1,3,4,3,2,4,3,3,2,5,3,4,4
"56",3,24,2,2,1,2,"IT",2,3,2,3,3,3,2,4,3,5,5,2,5,3,5,4,4,3,4,3,1,4,1,5,2,5,2,4,5,4,3,3,4,2,3,3,4,1,4,5,4,1,4,2,4,1,5,4,5,5
"57",3,27,2,2,1,1,"IT",3,2,5,3,5,2,5,3,4,5,1,4,5,4,2,1,4,4,1,1,3,5,1,4,2,3,1,3,4,3,2,4,5,4,2,4,3,2,3,3,4,5,5,1,3,1,4,3,4,4
"58",3,18,2,1,1,1,"IT",3,2,5,3,5,1,4,2,2,5,5,1,5,3,3,4,5,5,3,2,5,2,4,3,5,5,4,2,1,5,4,1,4,2,3,3,3,2,3,3,3,1,1,1,5,1,5,5,5,5
"59",3,21,2,1,1,1,"IT",4,2,4,2,4,2,5,2,4,4,4,4,5,3,2,2,4,4,2,3,1,4,2,5,1,5,1,4,5,4,4,1,5,4,4,2,2,3,2,4,5,1,5,1,4,1,5,4,5,5
"60",3,16,2,2,1,1,"IT",1,3,2,4,4,4,1,3,1,5,3,2,4,5,1,1,3,2,1,4,4,4,1,3,1,5,2,5,3,2,3,5,3,4,2,1,3,1,1,4,4,1,3,1,1,2,3,3,5,2
"61",1,25,2,1,1,1,"IT",4,4,4,2,3,2,5,3,3,2,3,2,2,4,2,1,3,3,1,2,3,2,1,3,4,1,2,2,4,4,4,3,3,4,3,5,2,1,3,4,4,1,3,3,5,2,5,3,3,5
"62",3,29,2,2,1,1,"IT",1,4,3,4,3,2,3,5,3,4,4,2,5,2,4,3,3,1,3,3,1,5,2,5,4,5,1,5,5,4,3,5,5,3,4,2,5,3,3,3,5,3,4,2,3,1,5,3,5,2
"63",3,27,2,2,1,1,"IT",2,3,2,4,1,3,2,2,5,2,4,2,4,2,1,1,4,4,2,3,4,3,2,4,2,4,4,4,3,4,3,1,4,3,3,3,3,3,5,3,4,3,4,3,2,2,3,2,5,3
"64",3,33,2,1,1,5,"IT",2,1,3,5,5,1,2,5,5,5,3,2,5,3,5,4,4,4,3,3,4,4,1,5,4,2,1,4,5,5,4,1,5,2,4,2,5,4,2,3,5,1,5,1,3,1,5,5,5,4
"65",3,22,2,1,1,1,"IT",1,4,3,3,4,2,3,4,4,4,2,2,5,3,2,2,4,4,2,3,1,5,1,4,1,5,1,3,4,4,3,3,4,5,4,4,4,4,3,3,3,1,3,1,5,2,4,2,5,5
"66",3,1992,2,2,1,5,"IT",1,3,2,1,2,3,2,5,1,3,3,4,5,1,2,4,4,5,4,1,4,3,4,3,1,3,3,5,4,3,2,1,5,4,5,3,5,3,3,5,4,2,4,1,5,1,5,4,5,5
"67",3,62,2,1,1,1,"IT",3,5,2,3,3,1,1,3,3,4,3,1,4,4,5,3,3,3,5,5,3,2,2,5,1,4,2,3,4,4,3,4,4,1,3,1,5,3,4,2,4,2,5,2,2,1,3,3,4,2
"68",3,22,2,2,1,1,"IT",1,5,2,4,2,4,2,4,2,5,4,3,5,3,4,4,2,2,2,2,2,4,1,5,2,5,2,5,4,5,2,4,5,5,2,5,2,4,2,2,5,2,5,2,4,1,4,5,5,4
"69",3,37,2,2,1,1,"IT",3,1,4,5,5,1,5,4,5,2,3,4,4,4,1,2,3,4,3,2,2,4,1,5,1,5,1,5,5,5,4,1,4,2,4,1,5,1,1,5,5,2,5,1,4,1,4,5,5,4
"70",3,24,2,2,1,1,"IT",3,2,3,3,4,2,2,4,2,5,1,5,3,4,4,1,3,2,4,2,4,4,2,5,2,4,3,3,5,5,2,1,2,4,3,5,2,4,2,3,4,5,5,4,4,1,5,3,5,4
"71",3,21,0,2,2,1,"IT",1,1,2,4,1,1,1,2,5,5,5,1,4,5,4,5,5,5,5,5,2,2,2,3,3,4,2,2,3,3,4,2,4,4,3,1,5,3,5,2,5,3,4,1,3,1,5,5,5,5
"72",5,26,2,1,2,1,"IT",2,1,2,5,5,1,3,4,5,2,4,5,5,2,4,4,2,2,4,2,3,4,4,4,1,5,4,2,5,4,1,1,1,4,1,4,3,4,3,1,3,1,5,1,4,1,4,5,5,5
"73",3,46,2,2,1,1,"IT",3,4,3,2,4,2,4,2,3,2,4,2,5,3,4,3,3,2,2,2,2,4,2,5,2,4,2,4,3,4,2,1,4,2,2,3,4,2,2,3,5,2,5,2,3,1,4,4,4,3
"74",3,42,2,1,1,1,"IT",2,2,4,4,4,2,3,3,4,4,4,2,4,2,4,4,4,4,4,2,3,4,4,3,2,3,2,2,3,3,2,5,3,4,3,5,4,4,2,3,5,1,4,1,3,2,4,4,5,3
"75",3,17,2,1,2,1,"IT",3,3,1,3,3,4,2,4,3,5,3,3,4,3,3,4,4,4,4,3,3,2,2,4,3,4,2,4,3,3,3,1,4,2,2,2,4,3,3,3,3,3,4,3,3,3,4,2,5,5
"76",3,24,2,2,2,1,"IT",1,3,1,4,4,1,1,3,1,4,4,1,4,1,4,1,5,5,5,5,1,5,3,4,1,1,1,3,4,4,3,3,5,4,3,5,3,3,1,3,4,1,4,1,2,2,4,4,5,3
"77",3,28,2,1,1,1,"IT",4,4,4,2,4,2,2,3,4,3,5,2,4,1,4,1,1,1,2,1,3,5,4,4,1,3,2,4,4,4,2,2,5,2,5,1,1,3,1,2,5,1,5,1,3,1,4,5,5,4
"78",3,31,2,1,1,1,"IT",1,1,2,2,4,2,2,2,2,4,2,4,5,4,2,4,4,4,2,4,3,4,3,4,2,2,2,4,4,2,4,5,4,4,3,5,4,2,1,5,5,2,4,1,5,1,5,5,5,4
"79",3,21,2,1,1,1,"IT",2,3,2,4,2,4,1,1,4,4,4,1,5,5,5,5,4,5,5,5,1,3,4,3,3,4,3,4,4,3,3,5,4,5,1,5,2,3,1,3,3,3,5,2,4,2,3,4,4,4
"80",3,19,2,1,1,1,"IT",2,4,3,3,3,3,2,5,5,5,2,4,5,2,4,2,5,5,4,2,1,4,4,3,1,5,1,4,5,4,3,3,5,3,2,4,3,2,3,3,3,1,3,1,3,2,5,3,5,3
"81",3,49,2,2,1,1,"IT",1,1,5,3,5,2,4,1,1,5,5,3,4,2,5,3,3,3,5,2,3,5,3,5,2,5,2,3,5,5,4,3,5,3,3,1,5,3,3,5,4,3,4,3,4,3,5,4,5,3
"82",3,33,2,1,1,1,"IT",5,1,5,1,5,1,5,1,1,5,3,2,5,3,3,3,5,5,4,3,1,5,1,5,1,5,1,5,5,5,4,1,5,5,3,2,2,1,3,5,5,1,5,1,4,1,5,5,5,5
"83",3,27,2,1,1,1,"IT",4,2,3,2,4,2,4,2,2,3,3,3,2,4,2,1,2,2,2,2,3,5,2,4,2,4,2,2,4,3,2,3,3,2,3,3,4,2,2,3,5,2,4,1,5,2,4,4,5,4
"84",3,25,1,2,1,1,"IT",3,1,5,1,5,1,5,3,4,3,5,2,4,4,3,4,4,4,4,5,4,5,2,5,3,5,2,4,5,5,4,5,5,4,4,5,3,3,4,5,5,1,5,1,5,1,5,5,5,5
"85",3,23,2,1,1,1,"IT",3,4,3,2,4,4,2,4,3,3,4,5,4,2,3,3,3,3,1,1,3,3,3,3,3,4,3,3,3,4,2,1,4,3,3,3,5,3,3,3,2,2,3,2,4,3,4,2,4,4
"86",3,26,2,1,1,1,"IT",4,3,4,3,3,3,5,2,3,4,4,3,5,2,2,5,3,2,4,3,3,3,4,2,4,2,3,2,2,4,3,4,4,2,4,4,4,4,4,5,4,4,5,4,4,1,4,3,4,5
"87",3,29,2,1,2,1,"IT",2,1,4,2,5,1,2,1,4,1,1,5,1,1,1,1,2,1,1,2,2,5,2,4,2,2,1,4,5,4,3,5,3,3,2,4,2,2,2,3,5,1,4,1,5,1,5,4,5,5
"88",3,19,2,1,1,1,"IT",3,3,3,3,2,2,3,4,5,4,3,2,5,1,3,2,4,4,4,5,2,3,4,4,2,4,2,4,5,5,4,2,2,2,3,2,3,2,3,4,3,1,4,1,4,1,3,3,5,4
"89",3,24,2,1,2,1,"IT",2,3,2,3,4,3,2,2,4,4,4,2,4,4,4,4,4,4,3,4,3,4,1,4,3,3,3,2,3,3,4,4,4,2,2,5,4,3,2,3,5,2,4,3,4,2,4,4,5,4
"90",3,33,2,1,2,1,"IT",2,4,3,4,3,4,2,4,4,3,2,4,4,3,1,2,2,2,2,2,3,3,2,3,4,4,4,3,3,3,4,5,4,2,2,4,2,2,4,4,4,3,3,4,3,3,4,4,5,3
"91",3,21,2,1,1,1,"IT",2,4,2,3,3,2,2,3,4,4,3,4,4,3,4,3,2,1,4,2,2,2,3,4,4,2,4,2,2,3,2,2,3,2,1,3,4,3,3,4,4,2,4,2,4,2,4,2,4,4
"92",1,25,2,1,1,1,"IT",3,3,3,1,3,2,3,3,3,4,2,4,3,2,1,2,2,2,2,4,2,4,2,4,3,3,3,3,5,5,4,1,5,2,2,3,4,3,2,5,4,1,5,1,4,1,4,3,5,5
"93",3,27,2,1,1,1,"IT",1,5,1,5,2,2,1,5,1,5,5,2,5,5,3,4,4,4,2,5,2,3,2,4,2,4,1,3,4,3,1,4,5,4,1,4,2,4,2,4,4,1,4,1,2,2,3,3,5,3
"94",3,23,2,1,3,1,"IT",3,2,5,3,4,2,5,3,2,2,2,4,5,3,2,3,2,3,3,3,3,3,2,3,1,5,1,4,4,4,3,3,5,3,4,3,3,3,3,4,4,3,3,3,3,3,4,3,4,3
"95",3,24,2,2,1,1,"IT",3,2,4,2,5,1,4,3,4,2,2,3,3,3,5,4,5,5,4,3,2,4,3,3,3,2,4,3,4,5,2,1,3,1,1,2,2,4,1,4,5,1,2,1,5,2,5,5,4,4
"96",3,34,2,1,1,1,"IT",4,2,3,4,4,1,2,4,2,3,2,4,5,4,2,1,2,2,2,3,4,4,2,5,1,4,2,5,5,5,5,2,5,4,4,2,5,4,5,5,5,2,5,1,4,1,5,2,5,5
"97",1,20,2,2,1,5,"IT",3,1,3,3,3,1,2,2,5,5,4,1,5,2,4,4,5,4,5,4,1,5,1,3,1,5,1,3,5,5,4,1,5,2,3,3,5,2,5,5,4,1,5,1,5,1,5,4,5,5
"98",3,37,2,2,1,1,"IT",1,3,5,5,1,1,1,1,5,5,3,3,3,5,1,5,5,5,5,1,1,5,2,3,3,1,3,3,3,3,3,5,5,5,1,5,3,1,3,5,3,1,5,1,3,1,4,1,1,3
"99",3,52,2,2,1,1,"IT",3,1,4,3,5,1,4,2,2,5,5,1,5,4,4,5,4,5,5,5,1,5,1,5,1,5,1,3,4,4,2,3,4,3,3,1,4,3,5,3,4,2,4,1,4,1,2,2,5,4
"100",3,43,2,1,1,1,"IT",4,3,4,3,2,4,3,4,4,4,4,2,3,3,3,4,4,4,3,3,2,4,2,4,3,4,2,3,3,4,3,5,4,2,3,5,3,3,2,3,2,3,3,2,2,3,4,3,4,2
"101",3,20,2,2,2,1,"IT",4,1,4,3,5,1,5,2,2,1,3,2,4,1,1,2,3,3,1,5,2,4,1,4,2,5,2,3,5,5,3,2,3,1,1,4,1,3,1,2,5,1,5,1,5,1,5,5,5,5
"102",3,48,2,1,1,1,"IT",1,1,5,5,5,1,5,5,5,5,5,5,5,5,1,5,5,5,5,5,1,1,1,5,5,5,1,5,5,5,5,1,5,1,5,1,5,1,5,5,1,5,5,5,5,1,5,1,5,5
"103",13,46,2,2,1,1,"IT",2,2,5,2,1,5,1,5,5,3,2,2,3,3,3,1,5,5,1,5,1,1,1,2,1,1,1,2,4,2,1,1,5,3,5,1,5,1,4,5,1,5,2,1,4,1,3,1,3,2
"104",3,42,2,1,1,1,"IT",3,2,3,3,4,1,5,4,3,4,3,2,4,2,2,2,2,2,2,2,2,5,1,4,1,3,2,4,4,5,2,1,4,2,2,2,4,1,2,3,4,1,3,2,4,2,3,3,4,5
"105",0,17,2,2,1,1,"IT",3,2,3,3,2,4,3,2,3,4,4,4,3,3,4,4,3,3,4,3,1,4,4,5,2,5,2,3,4,3,2,5,5,2,4,4,3,3,2,2,3,2,5,2,3,2,4,2,4,3
"106",3,61,2,2,1,1,"IT",1,3,2,3,3,2,2,5,2,5,4,2,3,3,3,3,3,3,4,4,5,5,3,4,4,4,1,4,4,5,4,2,5,2,3,4,3,3,3,4,5,1,5,1,3,1,4,5,4,3
"107",3,40,2,1,3,1,"IT",3,1,2,4,3,4,5,4,3,3,4,2,5,3,3,2,1,1,1,3,4,4,3,4,2,3,3,4,3,4,1,5,4,2,2,2,5,1,4,4,2,4,4,4,4,2,3,1,4,2
"108",3,46,2,1,1,1,"IT",1,3,5,3,5,1,4,5,5,3,1,3,4,1,1,3,2,1,1,1,1,5,1,5,1,4,1,3,3,5,4,1,5,2,4,1,5,3,4,3,3,2,5,1,3,1,3,1,4,3
"109",3,35,2,2,1,5,"IT",1,2,5,5,5,1,1,2,1,5,5,5,5,3,3,5,5,5,5,3,1,5,1,5,1,4,1,3,3,5,1,2,5,3,1,1,4,1,4,5,3,3,5,1,4,1,3,1,5,5
"110",3,23,2,1,1,1,"IT",3,1,4,3,4,1,4,3,2,4,2,4,4,3,2,2,5,4,2,4,2,2,1,4,1,5,1,4,3,5,2,2,4,4,4,3,3,1,1,5,5,3,5,2,3,1,4,5,3,5
"111",3,30,2,2,1,1,"IT",1,4,2,3,1,4,1,4,1,4,2,4,2,2,2,1,3,3,1,2,3,3,1,4,2,5,3,3,4,4,3,2,3,2,2,1,4,1,2,4,2,2,3,2,2,3,4,2,3,2
"112",3,45,2,2,1,3,"IT",3,2,5,1,5,2,5,1,5,5,2,4,3,4,2,1,1,1,2,1,4,5,1,5,1,5,1,5,5,5,3,1,5,1,3,1,5,1,3,5,5,2,5,1,4,1,5,5,5,5
"113",3,27,2,1,1,1,"IT",1,5,2,4,2,4,1,5,5,3,3,2,5,4,3,4,4,4,4,4,4,2,4,3,2,2,4,3,4,2,2,4,4,4,3,4,2,3,1,4,4,1,3,1,3,2,4,3,4,3
"114",3,42,2,2,1,1,"IT",3,3,3,3,3,1,3,4,3,5,3,1,5,1,4,2,5,5,1,5,1,5,1,5,1,5,2,3,5,5,3,3,3,3,3,3,1,1,3,1,5,1,4,1,4,2,4,5,5,5
"115",3,48,2,2,1,1,"IT",3,3,5,3,4,2,3,4,5,4,1,4,5,1,1,1,1,1,2,2,1,5,1,4,1,4,1,3,5,4,2,2,5,3,3,2,3,1,3,5,5,2,3,2,3,4,4,3,4,4
"116",3,24,2,1,1,1,"IT",2,5,1,1,1,3,1,4,5,4,4,3,4,4,3,2,3,2,2,5,1,3,1,2,1,3,2,4,5,3,3,2,4,3,2,4,1,2,2,3,4,1,5,1,5,1,4,4,4,5
"117",3,23,2,1,1,1,"IT",2,3,4,3,2,2,2,2,2,3,2,3,4,3,4,3,2,2,2,2,3,4,1,2,3,2,3,3,2,3,3,1,4,1,3,1,4,2,4,4,4,2,3,2,3,2,5,3,3,3
"118",3,19,2,2,1,1,"IT",2,5,1,5,3,4,1,5,1,5,5,2,5,5,5,5,5,5,5,5,2,4,5,5,2,5,2,4,5,1,4,5,2,5,3,5,5,3,1,5,5,4,3,1,3,3,4,5,5,3
"119",3,22,2,1,1,1,"IT",2,3,4,5,2,3,2,5,1,4,3,3,4,3,2,2,2,2,3,3,1,5,2,5,2,4,1,4,4,3,3,2,3,4,3,5,2,3,2,4,4,1,4,1,4,1,4,4,4,4
"120",3,50,2,2,1,1,"IT",5,4,5,3,5,1,5,1,3,4,4,5,1,3,1,3,1,1,1,3,3,4,1,5,1,5,1,4,4,4,4,3,5,5,5,1,3,1,3,5,5,3,2,3,4,3,5,3,4,5
"121",1,36,1,2,1,1,"IT",3,2,4,4,4,1,4,3,4,4,3,5,4,4,2,1,1,1,1,3,1,5,3,5,1,5,1,5,5,4,4,5,4,3,4,4,5,1,4,4,5,1,5,1,4,1,5,4,4,5
"122",3,32,2,2,1,1,"IT",4,1,5,1,5,1,5,1,2,5,1,1,2,5,1,4,4,3,4,1,4,4,4,5,1,4,1,4,5,5,1,2,4,4,5,5,2,1,2,5,5,1,5,1,5,1,5,5,3,5
"123",3,31,2,2,2,1,"IT",3,3,3,5,3,1,3,5,3,4,2,1,5,3,1,1,3,1,1,3,2,5,1,3,2,2,1,4,1,4,5,4,5,4,4,3,3,1,4,5,4,1,5,1,4,1,5,2,5,5
"124",3,24,2,1,1,1,"IT",3,3,3,2,4,1,4,2,4,3,2,2,4,2,2,2,2,2,2,3,3,2,3,2,2,2,2,3,3,4,4,2,4,3,4,2,5,1,4,4,5,1,3,1,3,2,5,4,5,4
"125",3,21,2,2,1,5,"IT",2,5,3,3,1,4,1,3,4,3,1,3,3,3,2,3,3,3,3,1,2,4,2,3,1,1,2,4,2,3,4,4,3,5,3,3,3,1,1,3,2,2,5,2,4,1,4,2,5,3
"126",3,53,2,1,1,1,"IT",3,1,3,4,4,2,5,3,3,5,3,4,1,3,1,2,2,1,2,2,2,4,2,2,2,3,3,4,2,4,4,5,3,4,3,2,3,3,2,4,5,1,4,1,4,2,4,5,4,4
"127",3,59,2,2,1,1,"IT",4,2,4,4,4,2,5,3,4,3,3,4,3,4,1,2,2,2,2,3,2,5,1,4,1,4,2,4,4,4,4,5,5,4,2,4,3,3,1,4,5,1,4,1,4,2,5,4,3,4
"128",3,34,2,1,1,1,"IT",2,4,2,3,3,4,2,4,2,2,4,4,4,4,4,3,5,4,3,4,4,2,3,2,4,3,4,2,2,2,2,1,4,4,3,5,3,3,2,4,5,1,5,1,5,1,4,5,5,5
"129",3,39,2,1,1,1,"IT",4,2,4,2,4,1,4,2,3,3,2,3,3,4,2,3,4,4,3,2,2,4,2,4,3,3,3,3,4,4,3,2,4,2,3,2,4,2,3,4,4,2,3,2,3,2,4,4,4,3
"130",3,42,2,1,1,1,"IT",2,3,5,2,4,1,5,2,4,4,3,1,5,3,2,4,4,4,4,4,2,5,1,5,1,5,1,4,5,4,3,4,5,3,2,4,2,3,2,3,5,1,5,1,5,1,5,5,4,5
"131",3,52,1,2,1,1,"IT",3,2,4,2,4,2,2,3,1,3,3,2,4,3,1,3,3,3,1,2,1,4,1,4,1,3,1,5,4,4,2,2,4,1,3,1,3,1,3,3,3,3,3,2,3,2,5,3,3,3
"132",3,20,2,1,1,5,"IT",1,5,4,4,2,4,1,3,1,4,2,3,4,1,3,1,5,4,2,4,4,2,1,3,4,4,4,3,4,2,3,3,4,3,3,4,3,2,3,3,4,2,4,2,3,2,4,3,4,3
"133",3,42,2,1,1,1,"IT",1,5,1,5,1,5,1,5,5,5,5,3,5,1,5,2,3,4,4,3,1,3,3,5,3,5,1,3,5,5,1,1,5,1,2,1,5,3,1,4,5,5,5,3,5,2,5,5,5,5
"134",3,28,2,1,1,1,"IT",3,2,4,3,4,2,4,2,4,3,2,2,4,2,1,3,4,4,2,2,4,4,1,2,2,3,2,4,4,5,3,1,3,3,3,1,2,4,4,3,3,2,3,2,3,2,4,3,3,3
"135",3,45,2,2,3,1,"IT",4,3,4,4,5,2,3,3,3,4,1,3,4,2,4,2,2,1,3,3,1,4,3,4,1,4,1,3,5,5,1,3,4,3,5,1,5,1,5,5,3,1,4,1,4,2,5,3,3,4
"136",3,20,2,2,1,1,"IT",2,2,3,4,2,3,2,3,2,3,2,4,4,4,2,3,3,3,3,3,3,4,3,4,2,3,3,3,4,2,2,5,5,3,3,4,3,3,2,3,4,1,2,1,3,4,4,4,4,3
"137",3,23,2,2,1,1,"IT",3,2,4,2,4,2,4,4,3,4,4,4,4,2,2,1,5,5,1,4,2,4,1,4,1,1,1,4,4,4,4,4,4,3,3,4,4,2,2,4,4,2,4,1,4,1,4,4,4,4
"138",3,14,2,2,1,1,"IT",3,3,1,2,2,5,2,2,2,3,5,2,5,3,5,5,5,5,5,3,4,4,3,3,3,3,3,4,4,2,2,5,4,3,3,5,3,3,3,4,2,4,3,4,2,3,1,1,5,2
"139",3,48,2,2,1,1,"IT",1,4,5,3,5,3,3,5,5,3,2,1,3,5,3,1,3,3,1,1,1,5,1,3,3,5,5,4,5,5,5,2,5,5,5,4,5,1,5,5,3,1,3,4,5,5,5,5,5,5
"140",3,23,1,2,1,5,"IT",3,2,4,2,4,2,4,4,4,4,4,4,4,2,2,1,5,5,1,4,1,4,1,4,1,1,1,4,4,4,2,4,4,4,2,2,4,2,2,4,4,2,5,1,4,1,4,4,5,4
"141",3,33,2,1,1,1,"IT",3,4,4,4,3,4,3,3,2,5,2,4,4,4,4,4,4,1,5,3,3,5,3,5,1,4,1,3,4,5,4,2,5,4,2,1,3,3,5,5,4,1,5,1,5,1,5,2,5,4
"142",3,27,2,2,1,1,"IT",3,1,2,1,2,1,2,5,1,3,5,1,5,1,1,5,5,5,5,1,1,1,2,5,1,3,1,5,5,5,2,1,2,2,1,1,1,1,3,4,2,1,2,1,3,3,4,1,3,2
"143",3,21,2,2,1,1,"IT",1,5,1,5,2,5,1,3,3,5,5,3,4,4,5,5,4,5,5,4,2,2,2,2,4,4,4,1,4,3,4,2,4,3,4,2,5,3,5,4,5,2,5,2,5,1,5,5,5,5
"144",3,40,2,2,1,1,"IT",2,3,3,3,4,2,2,2,4,5,2,3,2,3,1,2,2,2,2,2,2,2,1,3,2,4,2,3,3,4,3,3,3,4,3,2,3,1,3,2,4,2,3,4,4,2,5,3,3,4
"145",3,42,2,2,1,1,"IT",1,2,5,5,4,1,3,5,5,5,2,3,2,4,1,2,3,1,3,2,2,5,1,5,1,1,1,4,5,5,3,5,3,3,3,5,2,3,2,2,5,1,4,1,3,2,5,4,5,3
"146",3,48,2,2,3,1,"IT",2,5,4,1,4,2,1,3,3,4,2,3,1,3,1,2,1,2,2,2,3,5,3,4,1,3,1,3,5,3,2,3,2,2,3,2,2,1,1,4,3,3,2,4,2,3,3,2,2,2
"147",3,17,2,2,1,1,"IT",2,2,2,3,2,2,3,4,3,4,4,1,4,3,3,5,5,4,5,3,4,2,3,3,2,5,2,3,4,3,2,3,4,3,3,2,3,3,2,3,3,2,4,2,2,1,5,1,4,4
"148",3,22,2,1,1,1,"IT",3,3,2,4,4,3,4,2,3,4,5,1,4,5,4,2,4,5,2,5,4,4,1,4,2,2,2,4,5,3,4,1,3,4,3,2,3,4,2,4,5,1,2,1,5,3,5,5,5,3
"149",3,41,2,1,1,1,"IT",3,3,4,4,3,2,4,4,4,4,1,2,2,1,1,1,1,1,1,2,3,4,1,5,2,4,2,4,4,5,4,3,3,3,3,3,4,1,2,4,5,1,5,1,4,1,4,3,4,4
"150",3,42,2,2,1,1,"IT",4,2,4,2,4,2,4,3,2,2,4,2,4,4,3,3,2,3,2,2,4,5,2,4,2,4,1,4,4,4,3,4,4,3,3,3,2,3,1,4,4,1,4,1,4,1,4,3,3,4
"151",3,37,2,2,1,1,"IT",4,1,5,3,5,1,5,2,3,4,4,2,3,3,3,3,3,2,3,3,3,5,1,4,1,4,1,5,5,5,3,3,1,5,5,1,5,1,5,5,4,3,4,3,4,1,5,2,5,5
"152",3,27,2,1,1,1,"IT",2,5,3,4,2,3,2,5,2,4,1,5,3,3,1,1,4,4,1,3,1,5,2,4,1,4,1,4,3,3,3,2,4,2,3,2,4,3,2,4,4,1,2,1,4,4,4,3,5,4
"153",3,55,2,1,1,1,"IT",3,5,2,4,4,4,2,5,2,4,3,3,5,3,3,3,2,2,2,3,4,4,4,4,1,5,2,3,4,2,1,2,5,2,2,1,5,3,4,3,2,3,2,1,2,2,2,4,4,2
"154",3,13,2,2,2,1,"IT",1,1,5,3,5,1,4,2,2,4,1,4,5,3,2,1,4,3,1,3,1,5,1,5,1,5,1,5,4,5,4,2,4,2,3,4,5,3,5,4,4,1,5,1,5,1,5,1,5,5
"155",3,24,2,1,1,1,"IT",2,2,2,3,4,2,2,4,4,2,3,2,5,3,2,1,4,3,2,3,2,4,1,5,1,3,2,4,5,4,2,3,3,3,2,5,2,4,2,5,3,2,4,2,4,2,4,4,5,4
"156",3,28,2,2,1,1,"IT",1,3,2,5,3,4,1,5,1,2,2,4,5,4,4,2,4,4,2,4,4,2,4,4,2,4,4,2,4,3,4,4,4,4,3,4,2,3,3,2,3,4,5,2,3,1,3,3,4,4
"157",13,16,2,1,1,1,"IT",1,1,4,1,5,1,3,1,2,3,2,3,5,1,1,2,3,2,1,1,3,5,1,5,1,2,1,3,5,5,4,4,5,5,3,5,5,1,1,4,5,1,5,2,5,5,4,3,5,5
"158",3,15,2,2,1,1,"IT",2,4,1,5,2,2,2,5,1,5,3,2,5,3,3,4,5,5,5,5,5,4,5,3,3,3,3,3,5,3,2,5,5,3,1,3,3,2,2,2,4,1,5,1,3,1,5,3,5,5
"159",3,37,2,1,1,1,"IT",1,5,4,4,2,3,2,4,4,4,3,4,4,2,2,1,3,1,1,3,4,5,1,4,1,4,1,3,3,3,3,3,5,3,3,2,1,3,4,3,4,1,4,1,5,1,4,3,4,4
"160",3,43,2,1,1,1,"IT",3,3,5,4,4,1,4,3,2,5,2,3,4,4,1,3,1,1,1,4,3,3,1,4,3,4,3,3,2,5,4,2,4,4,5,2,4,1,2,4,4,1,3,5,5,2,4,2,1,4
"161",3,21,2,2,1,1,"IT",1,5,2,4,2,5,1,5,4,5,5,2,5,3,4,5,4,4,4,2,5,4,2,4,1,4,2,4,4,4,2,4,4,4,2,4,4,1,4,5,2,3,3,2,2,4,3,2,5,1
"162",3,15,2,1,1,1,"IT",2,5,2,5,2,4,2,5,5,2,1,4,4,1,2,1,2,1,3,1,3,5,1,3,1,1,1,4,2,2,3,1,3,2,4,1,5,1,3,3,4,3,4,1,3,1,4,2,4,3
"163",3,57,2,1,1,1,"IT",5,5,1,3,3,1,2,5,4,2,4,2,5,4,5,3,4,4,3,4,5,1,3,3,3,4,5,3,4,4,4,4,5,5,5,4,2,2,2,4,5,4,5,1,4,1,4,2,4,5
"164",3,20,2,1,1,1,"IT",2,3,3,4,3,2,3,4,3,4,2,4,2,4,2,1,2,1,1,1,4,4,1,3,3,3,3,3,3,3,3,3,3,3,2,3,3,2,3,3,4,2,4,2,4,2,5,4,4,4
"165",3,22,2,2,1,1,"IT",2,2,1,4,3,1,2,4,4,2,5,3,4,2,3,2,4,4,4,3,4,4,1,3,1,3,2,4,4,3,3,5,4,4,2,5,4,3,1,4,3,1,4,1,4,2,4,3,4,4
"166",13,17,2,2,1,1,"IT",2,3,3,3,2,3,2,4,4,1,3,2,3,3,2,2,4,3,2,3,2,3,2,4,4,4,2,3,4,3,3,3,5,2,3,2,4,2,3,4,3,1,5,4,3,1,3,2,4,4
"167",3,30,2,1,1,1,"IT",2,5,3,3,3,1,1,3,4,5,3,3,5,5,1,1,2,3,2,4,3,3,2,4,5,2,4,1,5,3,4,2,4,4,4,4,3,1,2,5,4,1,5,1,4,1,5,4,5,4
"168",3,21,2,2,1,1,"IT",4,4,1,2,2,1,2,5,2,1,5,1,5,3,5,5,4,4,5,3,4,1,1,2,2,5,1,5,2,4,5,1,5,3,4,5,2,1,1,5,5,1,4,1,5,1,4,5,4,5
"169",3,30,2,2,1,5,"IT",1,3,4,3,2,3,2,5,1,4,5,2,5,4,2,2,1,1,2,3,1,5,1,5,1,5,1,4,5,3,3,2,4,4,2,5,3,3,1,4,5,1,5,1,4,1,4,2,5,5
"170",3,20,2,2,1,1,"IT",2,2,5,3,4,3,4,1,4,3,5,2,5,3,4,5,3,3,5,2,4,5,1,5,1,5,1,4,5,3,2,2,5,3,3,4,4,3,2,3,4,3,4,3,3,2,3,5,5,4
"171",3,53,2,2,1,1,"IT",2,4,2,4,3,3,2,2,2,4,4,3,3,2,2,3,2,2,3,2,2,4,1,4,2,4,2,4,4,4,4,3,4,2,4,2,3,2,3,3,4,2,2,2,3,3,3,3,4,2
"172",3,17,2,2,1,1,"IT",1,1,4,2,5,1,3,4,4,2,4,2,4,5,3,4,3,3,4,1,5,4,1,3,3,2,3,3,5,3,4,1,3,2,3,3,4,1,5,4,5,3,4,3,4,2,5,5,4,5
"173",1,21,2,2,1,1,"IT",3,4,3,3,4,4,3,5,5,4,2,5,1,5,1,3,2,2,4,1,3,3,3,3,4,1,2,3,2,4,4,5,1,2,3,3,5,3,2,4,4,2,1,1,4,5,5,3,5,5
"174",3,19,2,2,1,5,"IT",1,5,3,5,1,4,1,4,1,1,5,3,5,3,3,5,5,5,5,3,4,4,1,3,1,4,2,3,2,3,2,5,5,4,3,5,4,3,1,1,4,5,4,5,4,2,4,4,5,4
"175",3,16,2,2,1,1,"IT",1,3,5,3,5,4,3,3,4,4,5,4,5,4,5,5,5,4,4,5,4,5,3,4,5,5,4,5,4,3,1,4,5,3,3,4,4,2,3,4,2,5,5,4,5,1,3,3,3,4
"176",3,17,2,1,1,2,"IT",2,3,2,5,2,3,3,3,2,4,5,5,5,4,5,4,4,5,5,5,4,1,5,2,5,2,4,4,1,3,5,5,4,2,4,4,3,3,4,4,5,4,4,1,4,1,4,5,5,5
"177",3,58,2,1,1,1,"IT",1,4,5,3,3,1,5,2,4,5,2,2,4,3,1,2,2,2,2,3,5,5,1,5,1,5,1,3,5,5,5,1,5,3,2,1,5,1,5,5,4,2,4,3,5,1,4,1,5,4
"178",3,41,2,2,2,1,"IT",1,5,1,1,2,5,1,5,5,5,5,1,5,1,5,5,5,5,5,5,4,4,1,5,4,5,4,3,5,2,1,5,2,1,1,5,2,4,2,1,5,1,5,1,5,5,5,5,5,5
"179",3,18,2,2,1,1,"IT",4,1,5,1,4,1,4,3,2,3,3,1,4,5,2,3,2,1,2,3,2,5,1,3,2,4,1,4,3,4,4,1,3,4,4,2,5,2,3,4,4,1,4,3,3,3,4,2,3,3
"180",3,41,2,2,1,1,"IT",3,2,2,3,5,1,4,4,5,3,5,1,4,5,5,5,5,5,5,5,3,4,4,3,2,3,4,1,4,4,4,3,4,2,1,2,2,4,2,4,4,1,5,1,4,1,4,3,4,5
"181",3,16,2,1,1,1,"IT",4,4,2,2,4,4,2,2,4,1,1,4,2,2,2,3,4,3,4,4,2,2,1,4,1,2,3,4,4,3,3,4,2,5,4,4,1,2,1,2,5,1,5,2,3,1,4,4,5,4
"182",3,31,2,2,2,1,"IT",3,2,3,3,4,1,2,3,5,5,2,4,2,4,4,4,5,5,4,2,2,4,4,5,1,3,2,3,4,1,4,1,4,3,2,5,3,5,4,5,5,1,4,1,3,1,4,5,4,3
"183",3,31,2,2,1,1,"IT",1,4,2,3,3,1,1,4,5,2,1,2,5,4,4,5,4,3,3,1,2,4,1,5,1,5,1,5,5,5,1,3,4,4,2,2,5,4,4,4,4,1,5,1,3,1,4,5,5,4
"184",3,23,2,2,1,1,"IT",5,3,3,3,5,4,5,5,2,4,4,3,5,4,3,3,5,5,2,2,1,5,2,5,1,4,2,4,4,3,3,5,2,4,4,4,2,3,4,3,4,1,5,1,3,2,3,3,4,4
"185",3,28,2,1,1,1,"IT",3,4,3,4,4,3,3,4,3,3,2,4,2,2,1,2,2,2,2,4,1,5,1,4,1,3,2,5,4,3,3,3,4,2,2,3,3,2,3,5,1,4,3,4,5,2,4,1,5,5
"186",3,18,2,1,1,1,"IT",2,5,2,4,1,5,1,4,3,4,4,2,4,5,4,3,3,3,3,2,4,2,1,2,5,3,4,2,1,3,3,2,5,2,4,1,5,3,4,4,4,4,5,3,4,1,3,3,5,4
"187",3,24,2,2,1,1,"IT",1,3,3,3,4,2,4,4,5,3,4,2,5,1,4,4,5,5,5,5,1,5,1,5,1,5,1,5,5,5,3,3,4,5,4,3,3,1,4,5,5,1,3,1,4,4,5,4,5,3
"188",3,18,2,1,1,1,"IT",1,3,3,3,4,2,2,3,2,4,3,2,5,3,2,4,3,2,4,3,2,3,1,4,2,4,3,2,4,3,4,2,4,2,3,4,4,2,5,4,4,2,5,3,3,2,3,3,5,4
"189",3,28,2,2,1,1,"IT",3,2,3,3,5,1,4,1,5,4,4,1,5,1,3,2,4,4,3,4,2,5,2,5,1,5,1,4,5,5,2,2,5,3,3,2,4,4,2,1,4,3,5,1,4,1,4,4,5,5
"190",3,23,2,2,1,1,"IT",1,1,4,3,5,1,3,2,4,4,4,2,4,1,4,4,5,5,4,4,3,3,4,4,3,5,3,3,4,5,2,4,3,3,2,2,2,5,2,3,3,1,5,2,3,1,5,3,5,4
"191",3,35,2,1,1,1,"IT",2,4,2,4,2,4,3,4,2,4,5,1,5,5,4,5,4,4,5,5,2,4,1,4,3,4,4,3,4,5,4,1,4,3,3,4,4,3,3,1,4,1,4,1,5,1,4,4,5,5
"192",3,23,2,2,1,1,"IT",1,4,1,5,2,2,1,1,1,1,5,1,5,1,5,5,5,5,3,5,1,5,1,5,1,5,1,5,5,1,2,4,5,3,2,1,3,1,1,2,3,1,4,1,3,1,3,3,5,4
"193",3,31,2,2,2,1,"IT",2,1,2,2,2,5,3,2,3,5,3,5,4,5,3,2,5,4,2,4,4,2,3,4,3,4,2,4,5,3,2,4,4,2,2,3,4,4,3,5,1,4,1,2,5,1,3,2,5,3
"194",3,21,2,2,1,1,"IT",1,5,1,5,1,1,1,5,4,5,3,1,4,1,4,1,4,3,1,1,3,1,1,4,2,5,1,3,5,5,1,3,5,3,3,4,5,4,4,5,4,1,5,2,3,1,3,3,5,5
"195",3,20,2,2,1,1,"IT",1,3,2,3,3,2,2,4,1,5,3,2,4,2,4,4,1,2,4,2,1,4,4,4,1,3,1,5,5,4,2,1,5,2,4,1,4,1,4,5,4,1,4,1,5,1,5,2,5,5
"196",3,25,2,2,1,1,"IT",2,5,1,5,1,2,1,5,1,5,5,1,5,5,5,5,5,5,5,5,5,5,1,5,1,5,1,4,5,3,1,3,5,5,2,4,2,4,2,3,4,2,5,1,2,1,3,3,5,4
"197",3,17,2,2,1,1,"IT",4,5,3,4,3,1,2,3,5,4,4,2,5,5,5,5,3,3,4,3,2,5,1,2,3,4,1,3,5,5,4,3,5,3,4,4,4,1,3,5,5,2,4,3,5,2,5,4,5,5
"198",3,19,2,1,1,1,"IT",1,5,1,5,1,5,1,5,5,5,5,1,1,1,4,5,1,1,5,1,3,1,1,1,5,1,5,1,1,1,2,1,4,1,1,1,5,1,1,5,4,5,1,5,3,5,5,3,5,3
"199",3,36,2,2,1,1,"IT",1,2,2,3,3,2,4,3,3,3,5,2,5,3,3,4,4,2,4,3,3,3,4,4,3,3,3,4,4,4,2,1,5,5,2,2,3,3,2,2,5,1,5,1,5,1,4,3,5,5
"200",13,20,2,2,1,1,"IT",2,3,4,3,3,3,2,5,5,5,2,4,2,3,3,3,3,2,2,2,3,3,1,4,2,4,3,3,4,3,3,4,4,4,2,5,2,3,2,4,3,2,4,1,4,2,4,4,4,3
"201",3,22,2,2,1,1,"IT",3,2,3,2,3,2,3,4,4,3,2,3,2,2,2,2,2,2,2,2,2,4,2,3,2,2,2,4,3,3,2,3,2,3,3,3,2,3,2,2,3,3,3,2,2,2,3,2,2,3
"202",13,64,2,1,1,1,"IT",4,4,2,5,1,2,1,5,1,5,2,4,5,2,1,2,1,2,1,2,1,5,1,4,5,5,1,4,5,5,1,4,3,1,2,1,4,1,4,4,3,4,2,5,1,4,3,4,5,2
"203",3,20,2,2,2,1,"IT",4,2,5,1,5,2,4,1,5,3,1,4,5,4,1,1,3,1,1,1,1,5,1,5,1,4,1,4,4,3,4,2,5,1,4,1,5,1,1,4,4,1,3,1,4,2,4,2,5,4
"204",3,22,2,2,1,1,"IT",3,2,4,3,4,3,5,4,3,2,4,4,4,1,5,5,5,5,5,5,2,5,2,5,1,4,1,4,4,4,2,5,4,5,2,5,4,3,4,4,3,2,5,2,3,1,3,2,5,4
"205",3,31,2,2,1,1,"IT",3,2,4,5,5,1,5,2,2,5,4,3,4,3,3,2,3,3,2,3,3,2,1,5,1,5,2,4,5,5,3,5,5,4,4,2,2,3,3,2,5,1,5,1,5,1,5,5,5,5
"206",3,35,2,2,1,1,"IT",2,3,4,4,4,1,1,4,2,5,4,2,5,2,3,1,1,2,2,2,2,2,1,4,3,2,1,4,5,5,3,3,5,3,3,1,3,3,1,5,5,3,3,3,4,1,5,4,5,5
"207",3,23,2,1,1,1,"IT",1,5,3,4,1,3,2,1,5,5,1,5,3,2,1,1,2,1,1,4,4,4,1,5,2,4,2,4,5,5,4,3,2,3,5,5,4,1,4,3,3,4,5,2,4,1,5,2,5,4
"208",3,44,2,2,1,1,"IT",4,2,4,3,5,2,5,4,5,5,1,3,3,4,2,4,2,2,3,2,1,5,1,5,1,3,1,4,5,3,3,3,4,5,4,2,4,1,3,5,5,1,5,1,5,1,4,4,5,5
"209",3,14,2,1,1,1,"IT",3,1,4,1,5,1,3,3,3,3,5,1,4,2,5,5,4,4,5,1,2,4,5,3,2,3,3,3,4,3,5,4,4,4,3,3,3,3,5,5,4,3,3,5,4,3,5,4,5,4
"210",3,17,2,2,1,1,"IT",2,4,3,2,1,4,1,4,5,5,2,2,2,2,2,3,3,3,3,2,2,1,3,1,2,2,5,2,3,2,1,4,2,3,2,4,3,1,3,5,2,1,3,1,4,2,3,1,4,4
"211",3,21,2,1,1,1,"IT",2,2,3,3,3,2,2,2,4,4,3,2,4,2,3,3,3,3,3,1,3,3,4,3,3,2,3,3,4,2,4,3,3,2,5,3,2,1,3,5,4,1,4,1,4,1,4,3,4,4
"212",3,17,2,1,1,1,"IT",1,5,2,4,2,2,1,5,5,5,4,3,5,2,5,3,4,3,4,4,1,4,1,4,1,4,1,3,4,4,4,3,4,3,3,4,4,2,2,4,4,2,5,2,4,1,4,4,5,3
"213",3,16,2,2,1,1,"IT",1,5,2,4,2,4,1,4,4,1,3,2,2,1,3,4,2,1,4,1,4,2,4,5,3,5,4,4,3,3,2,4,3,2,2,4,2,4,1,5,3,3,4,4,3,3,3,2,2,2
"214",3,16,2,1,1,1,"IT",2,1,3,4,3,4,2,3,3,2,2,1,2,4,2,1,4,3,1,4,3,4,3,3,2,4,3,3,3,3,1,3,2,4,3,5,1,4,2,4,4,2,5,2,5,1,4,4,3,5
"215",3,25,2,1,1,1,"IT",3,5,1,4,2,4,4,5,5,5,2,2,5,3,4,4,3,3,4,3,4,2,2,4,3,5,4,4,4,4,2,2,4,2,2,4,2,4,2,4,4,1,4,2,4,1,4,2,5,2
"216",3,23,2,1,1,1,"IT",1,4,2,4,3,2,2,2,5,5,3,1,4,2,4,5,4,4,4,5,4,4,2,4,2,3,3,2,4,4,3,3,4,1,3,2,3,1,2,5,4,1,4,2,3,1,4,3,5,3
"217",3,20,2,2,1,1,"IT",3,1,4,2,4,2,4,3,5,3,2,4,5,1,2,3,5,5,4,3,4,5,1,4,2,4,2,3,4,4,1,2,5,4,3,4,4,2,2,5,3,1,5,1,3,1,5,3,5,4
"218",3,50,2,2,1,1,"IT",1,3,3,3,3,2,1,2,4,3,2,1,5,3,4,3,4,3,2,3,2,4,1,3,3,2,2,3,4,4,3,3,4,5,3,3,4,3,4,5,4,1,3,1,4,3,4,2,4,5
"219",3,59,2,2,1,1,"IT",1,3,3,3,3,2,1,4,4,3,4,3,3,2,2,2,2,2,1,2,4,4,1,4,1,4,1,4,4,5,3,1,4,5,3,1,5,3,1,5,3,1,4,2,3,2,4,2,4,4
"220",3,32,2,2,1,1,"IT",3,1,3,2,3,1,3,3,3,3,4,2,5,2,3,4,4,4,3,2,1,4,1,4,2,5,2,4,4,4,4,1,4,4,4,1,5,2,4,5,4,1,5,1,4,1,5,4,4,4
"221",3,19,2,2,1,1,"IT",4,4,3,4,5,2,4,3,3,2,4,4,4,3,4,2,5,5,3,3,4,5,2,3,4,3,2,3,3,4,1,2,1,4,1,5,1,5,2,1,4,1,4,5,4,2,5,3,5,4
"222",3,35,2,1,1,1,"IT",1,5,3,4,3,5,2,5,5,3,4,1,5,1,3,3,4,4,3,5,3,2,1,5,2,4,3,4,5,4,4,1,5,1,4,1,5,1,5,5,5,1,5,1,5,1,5,5,5,5
"223",3,29,2,2,1,1,"IT",4,1,4,1,5,1,5,1,1,2,4,1,4,3,3,4,3,3,3,2,2,5,2,4,3,4,2,2,3,5,5,5,1,3,4,4,3,2,4,4,5,2,4,3,2,2,5,4,2,5
"224",3,32,2,2,1,1,"IT",1,4,4,3,3,4,1,4,5,5,3,2,4,3,1,2,3,3,2,3,2,5,1,4,1,3,1,3,4,5,4,4,4,1,3,2,5,2,2,5,3,1,3,1,2,4,4,3,5,2
"225",3,33,2,2,1,2,"IT",2,1,4,4,5,1,5,3,5,1,4,1,5,1,1,5,5,5,5,3,1,5,1,5,1,4,1,5,4,4,1,4,1,5,1,5,1,4,1,1,5,1,5,1,5,1,5,5,5,5
"226",3,26,2,2,1,1,"IT",4,3,3,3,3,2,3,3,3,3,2,3,4,4,2,2,4,4,3,2,2,5,2,5,1,4,1,4,4,5,3,4,1,4,3,4,2,2,2,3,5,2,4,1,3,2,4,5,4,3
"227",3,49,2,1,1,1,"IT",1,4,3,3,4,1,2,4,3,5,2,3,4,3,4,4,2,3,4,3,2,4,3,2,4,3,3,2,4,3,3,2,4,1,3,3,1,3,2,3,5,1,2,2,4,3,5,5,4,3
"228",3,43,1,1,1,1,"IT",2,1,4,2,5,1,4,3,3,3,4,3,4,3,3,2,4,3,4,3,1,5,1,4,1,4,1,4,4,3,2,4,3,3,1,5,4,3,4,3,4,2,5,2,4,1,4,3,5,5
"229",3,38,2,1,1,1,"IT",1,4,3,3,2,2,1,4,4,4,2,4,4,2,2,3,1,1,1,2,3,3,2,5,2,3,3,3,4,4,4,2,4,2,2,1,5,3,3,4,4,1,4,1,4,1,5,4,5,3
"230",3,49,2,1,1,1,"IT",2,5,3,4,3,1,2,4,2,5,2,4,4,5,4,4,2,2,4,1,4,3,3,2,4,2,4,3,4,3,4,1,2,1,2,5,1,2,2,4,5,2,2,2,4,4,5,5,4,3
"231",3,42,2,1,1,1,"IT",2,4,3,4,3,2,2,4,3,3,2,3,4,3,4,3,3,2,2,3,2,3,2,4,2,3,3,3,4,4,3,2,4,4,3,2,2,4,4,4,4,2,4,2,4,2,4,2,4,4
"232",3,29,2,3,1,1,"IT",1,5,1,5,1,5,1,5,1,5,5,3,5,1,4,4,4,4,3,5,3,3,1,3,4,2,4,1,2,3,2,2,4,5,2,3,2,5,3,2,4,1,5,2,3,2,3,4,5,4
"233",1,21,2,2,1,1,"IT",4,1,4,2,4,2,2,4,5,4,2,4,2,1,2,3,3,1,4,1,2,1,4,4,1,1,1,4,4,4,4,5,1,2,4,2,4,3,2,5,4,2,1,4,4,5,5,2,5,4
"234",1,24,1,1,2,1,"IT",4,2,4,2,5,2,4,2,4,2,1,4,3,3,2,2,3,3,3,3,2,4,3,5,2,4,4,3,4,2,3,4,4,3,3,4,5,4,4,2,3,3,4,3,1,2,3,4,3,4
"235",3,21,2,2,1,1,"IT",1,1,5,3,5,2,2,4,5,2,2,4,5,3,1,2,1,1,1,1,2,4,1,5,1,5,1,4,3,4,3,5,5,3,3,5,3,2,1,3,4,1,5,1,4,1,5,4,3,5
"236",1,34,2,2,1,1,"IT",1,3,2,4,3,1,1,4,3,4,5,2,5,5,4,4,5,5,4,5,2,5,1,4,2,5,1,3,4,3,2,3,4,3,2,2,3,3,4,4,4,1,5,1,5,1,5,4,5,5
"237",3,25,2,1,1,1,"IT",3,3,5,4,4,2,3,2,3,4,2,5,3,5,1,1,2,1,1,1,4,4,2,4,2,4,2,4,4,4,4,2,3,2,2,3,2,2,2,5,4,1,4,2,5,1,5,2,4,4
"238",3,34,2,1,1,1,"IT",3,4,2,4,2,5,2,3,2,4,4,2,4,1,4,2,2,2,2,1,2,2,1,4,2,5,4,3,4,4,2,2,4,2,2,3,4,4,2,4,5,4,5,3,5,5,4,5,4,5
"239",3,36,2,1,1,1,"IT",2,4,2,4,3,3,2,4,2,3,2,3,4,3,3,1,3,2,1,2,3,3,1,3,2,2,2,4,3,3,3,1,4,3,4,1,3,3,2,3,4,2,4,2,4,2,4,2,4,4
"240",3,25,2,1,1,1,"IT",2,1,3,3,2,1,2,4,4,4,3,2,5,2,2,2,4,2,2,3,3,5,2,4,2,5,2,4,4,3,3,1,5,5,3,2,3,1,3,4,3,2,5,2,4,1,4,3,5,4
"241",3,22,2,1,1,1,"IT",2,4,2,4,1,1,1,2,2,5,4,3,4,1,4,3,5,5,3,5,3,5,2,5,1,5,1,4,4,4,3,3,4,2,2,3,1,2,4,4,4,1,5,1,5,1,4,5,5,5
"242",3,25,2,1,1,1,"IT",3,1,4,3,4,2,3,3,3,3,3,4,2,3,2,2,3,2,2,2,2,4,1,4,3,3,3,3,4,4,3,4,3,4,4,2,2,3,3,3,4,3,2,3,3,3,4,4,3,3
"243",3,23,2,2,1,1,"IT",4,1,3,4,5,1,3,2,2,3,5,1,5,3,5,5,5,5,5,2,5,4,3,4,1,5,1,5,5,5,2,3,5,5,4,3,4,1,5,4,3,5,3,5,5,2,5,4,4,5
"244",3,37,2,2,1,1,"IT",5,1,5,2,5,1,5,2,5,4,2,3,4,2,4,2,3,3,3,3,3,5,2,4,2,4,2,2,4,5,3,5,4,5,3,5,1,3,2,3,5,2,5,2,4,1,5,5,5,5
"245",3,45,1,2,1,1,"IT",1,5,5,5,2,5,1,5,5,5,4,1,5,5,5,5,5,5,1,5,1,5,1,5,1,5,1,5,5,5,1,1,5,4,5,5,5,3,1,5,4,1,5,1,4,1,5,5,5,5
"246",3,20,2,2,2,5,"IT",2,3,3,3,3,2,2,4,3,3,3,3,4,3,3,2,3,3,3,3,2,2,2,3,3,4,3,3,4,3,3,3,5,3,3,3,3,3,3,3,4,1,5,2,4,1,4,4,4,5
"247",3,36,2,2,1,5,"IT",2,3,4,3,2,1,1,4,1,4,4,2,2,2,2,3,3,4,2,2,1,5,1,5,1,3,1,4,5,4,3,3,1,4,3,5,2,3,4,4,5,1,5,1,5,1,5,3,5,5
"248",3,25,2,1,2,1,"IT",3,4,2,5,3,3,3,3,1,4,5,1,5,3,3,4,3,5,4,3,3,1,3,4,2,4,2,3,1,3,2,4,5,3,3,2,5,3,4,3,4,2,5,3,3,1,2,3,4,3
"249",3,24,2,2,1,1,"IT",4,1,5,2,5,1,5,1,5,1,5,3,5,3,2,1,5,5,3,3,5,5,1,5,1,5,1,5,5,3,2,5,5,3,3,5,1,3,1,1,3,1,5,3,5,1,5,5,1,5
"250",3,17,2,1,1,1,"IT",3,3,3,2,3,1,2,2,2,5,2,3,5,4,3,3,4,3,2,2,5,2,2,3,2,5,3,4,4,4,3,1,5,2,3,1,4,3,1,3,4,2,4,1,4,1,4,3,4,5
"251",3,22,2,2,1,1,"IT",2,4,3,4,2,4,3,4,4,5,4,2,4,3,2,3,2,3,4,3,4,3,3,4,2,3,3,3,4,4,1,1,4,4,3,1,5,2,4,4,3,2,3,3,2,5,4,3,4,2
"252",3,37,2,2,1,1,"IT",4,5,4,5,2,3,2,2,2,4,2,4,3,3,3,4,4,4,4,3,2,5,2,5,3,3,2,4,4,4,3,1,5,5,4,2,4,2,2,4,4,1,5,1,4,1,4,4,4,4
"253",3,21,2,2,1,1,"IT",2,5,2,2,3,4,5,4,2,1,4,2,4,4,4,2,3,3,3,4,2,3,4,4,1,3,2,4,4,3,1,4,5,4,2,4,1,4,4,2,4,4,3,1,4,2,3,4,3,3
"254",3,31,2,2,1,1,"IT",4,1,5,5,5,1,5,1,3,5,2,3,3,4,1,3,3,2,2,3,4,5,2,4,1,2,1,4,5,5,3,5,4,3,4,2,3,2,1,5,4,2,5,1,3,1,5,4,5,5
"255",3,26,2,2,1,1,"IT",1,5,3,4,1,3,2,3,4,4,3,2,3,3,4,4,4,4,3,2,2,3,1,3,1,3,2,3,4,4,4,1,4,3,3,2,4,1,3,4,5,2,3,2,4,3,4,4,4,2
"256",3,19,2,2,1,2,"IT",1,3,1,3,1,2,1,1,2,5,4,2,4,3,4,1,3,5,5,4,3,2,1,3,4,4,3,4,4,2,3,5,3,3,3,5,5,3,5,3,3,1,5,1,1,2,4,4,4,3
"257",3,25,2,2,1,2,"IT",1,2,4,3,4,1,3,4,2,4,3,3,4,3,1,2,2,4,2,2,4,4,1,4,3,4,2,4,4,4,3,1,4,4,5,1,4,1,5,4,3,2,3,5,3,4,3,2,4,3
"258",3,22,2,1,1,1,"IT",2,4,3,4,3,4,3,4,2,3,2,4,2,4,2,1,1,1,1,2,3,4,3,4,2,4,2,3,4,4,4,3,3,1,4,2,4,3,4,4,5,1,3,2,4,3,5,4,3,3
"259",3,25,2,2,1,5,"IT",4,2,4,1,2,1,2,2,4,4,1,5,3,4,3,2,1,1,1,1,4,3,2,3,2,2,3,4,3,4,4,5,3,4,5,4,4,1,4,5,3,2,3,3,3,3,5,3,3,5
"260",3,28,2,1,1,5,"IT",5,2,5,2,4,2,4,2,4,4,2,4,4,5,2,3,2,2,2,1,4,4,1,4,2,3,2,4,4,4,3,5,4,4,3,5,3,3,3,4,3,1,4,1,4,2,4,4,4,4
"261",3,25,2,2,1,5,"IT",3,2,4,4,2,2,2,1,2,5,2,4,5,4,1,1,1,1,1,1,4,5,1,5,1,4,1,5,4,4,4,1,4,3,3,1,4,3,2,4,5,1,4,1,3,2,4,4,4,3
"262",3,28,2,2,1,1,"IT",3,4,3,2,2,2,2,4,2,4,4,3,4,4,4,4,5,5,4,2,3,4,1,5,1,5,4,4,5,3,4,3,5,5,3,3,4,1,2,4,3,2,5,1,4,1,5,3,5,3
"263",3,21,2,2,1,1,"IT",3,1,2,3,3,2,4,1,2,4,4,2,4,2,4,4,5,4,4,2,3,4,2,4,2,2,2,3,3,3,4,3,4,4,3,4,4,3,2,4,3,2,4,1,3,1,2,2,4,4
"264",3,39,2,2,2,1,"IT",3,1,4,3,4,1,4,3,4,3,3,3,4,4,3,4,1,1,3,4,1,4,1,5,1,4,1,4,5,4,3,5,5,4,3,4,3,1,3,4,4,1,5,1,4,1,5,3,5,4
"265",3,39,2,2,2,5,"IT",3,1,3,3,3,1,3,3,3,3,4,2,3,4,3,4,2,1,3,3,1,3,1,5,1,4,1,4,4,5,3,4,5,3,3,4,3,1,2,4,4,1,4,1,4,1,4,3,4,4
"266",3,27,2,1,1,1,"IT",2,3,3,4,1,2,2,4,4,5,4,2,5,1,4,4,4,4,4,4,2,2,3,2,4,3,4,4,2,4,2,5,5,4,1,4,3,1,1,5,5,1,5,1,4,2,5,5,5,4
"267",3,16,2,1,1,1,"IT",2,3,2,3,1,3,1,5,5,3,4,2,3,3,4,4,3,2,2,2,2,3,3,4,1,4,3,3,4,3,4,2,3,3,4,4,4,1,3,4,4,1,2,1,3,4,4,5,4,3
"268",3,22,2,1,1,1,"IT",2,2,3,2,4,2,3,3,4,2,1,3,3,1,2,1,2,1,1,1,2,3,1,3,3,1,2,4,4,3,2,3,4,2,3,2,4,2,3,4,4,2,1,2,1,5,3,2,5,1
"269",3,28,2,1,1,2,"IT",3,4,3,3,4,3,2,4,3,3,3,2,4,2,3,3,4,4,3,4,3,4,2,4,3,5,3,3,4,4,3,2,4,3,3,2,4,2,4,4,3,3,4,3,3,3,3,2,4,3
"270",3,28,2,1,1,5,"IT",2,4,3,4,3,1,1,5,4,1,2,4,4,4,1,2,1,2,3,4,4,3,3,5,1,1,1,2,4,5,3,3,3,3,3,4,5,3,3,5,3,3,5,1,3,1,4,4,5,5
"271",3,23,2,1,1,1,"IT",1,3,1,3,1,5,1,5,5,5,1,5,1,1,4,5,2,2,1,1,5,1,3,1,5,5,5,1,3,5,4,2,1,4,3,5,5,1,1,5,5,5,1,5,5,1,5,3,5,5
"272",3,31,2,2,1,5,"IT",4,4,1,4,1,4,1,4,2,1,5,2,4,4,2,5,5,5,5,4,4,4,4,2,4,4,2,2,2,1,2,1,2,4,2,4,2,5,1,4,2,4,4,2,4,2,4,2,5,2
"273",3,35,2,1,1,1,"IT",4,1,5,2,5,2,5,1,4,2,1,3,4,3,2,2,2,2,2,2,2,4,3,4,2,3,2,4,4,4,4,2,5,1,2,4,3,2,4,4,5,1,5,2,5,1,5,5,5,5
"274",3,17,1,1,1,1,"IT",5,1,5,1,5,1,5,1,1,1,1,5,1,1,1,1,5,5,1,1,1,5,1,5,1,5,1,5,5,5,5,5,5,1,5,5,1,1,1,1,5,5,5,5,5,1,5,5,1,5
"275",3,21,2,2,1,1,"IT",1,1,4,1,5,1,5,1,4,2,5,1,5,2,4,3,4,4,4,3,2,4,3,4,2,3,2,3,4,5,5,4,4,3,4,4,3,1,5,4,5,1,5,1,5,1,4,4,5,5
"276",3,20,2,1,1,1,"IT",2,4,2,5,3,1,2,5,3,5,3,4,2,3,2,3,5,5,2,5,2,4,4,5,1,3,1,4,3,5,1,4,4,4,1,5,1,4,1,2,5,2,5,2,4,1,5,5,5,5
"277",3,52,2,1,1,2,"IT",2,2,2,4,4,2,2,5,2,4,3,2,3,3,2,2,2,2,2,2,2,4,1,4,2,4,2,2,5,4,2,4,2,4,2,4,1,4,2,3,5,2,4,2,4,2,5,5,4,5
